Website,Taboola,Namogoo,date_time
https://www.3m.com,absent,absent,28-06-2022 17:19:05
https://www.6pm.com,absent,absent,28-06-2022 17:20:01
https://www.99designs.com,absent,absent,28-06-2022 17:20:48
https://www.abc.com,absent,absent,28-06-2022 17:21:36
https://www.acorns.com,absent,absent,28-06-2022 17:22:14
https://www.acronis.com,absent,absent,28-06-2022 17:22:56
Website,Taboola,Namogoo,date_time
Website,Taboola,Namogoo,date_time
Website,Taboola,Namogoo,date_time
Website,Taboola,Namogoo,date_time
Website,Taboola,Namogoo,date_time
