Domain,Location on Site,Tech Spend USD,Sales Revenue USD,Company,Vertical,Tranco,Page Rank,Majestic,Umbrella,Telephones,Emails,Twitter,Facebook,LinkedIn,Google,Pinterest,GitHub,Instagram,Vk,Vimeo,Youtube,TikTok,People,City,State,Zip,Country,First Detected,Last Found,First Indexed,Last Indexed,Exclusion,Compliance
beenverified.com,beenverified.com,$1000,,BeenVerified,Technology And Computing,217,7650,69117,27252,ph:+1-212-813-3276;+1-866-885-6480,support@beenverified.com;privacy@beenverified.com;arian@beenverified.com;chang_paik@beenverified.com;chang@beenverified.com;chang.paik@beenverified.com;cpaik@beenverified.com;josh@beenverified.com;ccpa@beenverified.com,https://twitter.com/beenverified,https://facebook.com/beenverified,https://linkedin.com/company/beenverified.com,,https://pinterest.com/beenverified,,https://instagram.com/beenverified,,,https://youtube.com/user/beenverified,,N/A - Csuite - n/a@beenverified.com,Atlanta,GA,30348,US,25-06-2018,16-05-2022,16-09-2007,19-06-2022,-,-
bhg.com,bhg.com,$5000,,Better Homes & Gardens,Food And Drink,441,297109,1943,14582,ph:+1-855-626-8638;+1-800-374-4244;+1-203-549-0678,premium@bhg.com;urnmph@bhg.com;un@bhg.com;ujl@bhg.com;jkillj@bhg.com;rfgu@bhg.com;ijqi@bhg.com;quskvkk@bhg.com;ifb@bhg.com;mmanella@bhg.com;support@bhg.com,https://twitter.com/bhgrealestate,https://facebook.com/mybhg,,,https://pinterest.com/bhgrealestate,,https://instagram.com/bhgrealestate,,,https://youtube.com/user/bhgrealestate,,N/A - Bizdev - n/a@bhg.com; N/A - Engineering - n/a@bhg.com; N/A - Marketing - n/a@bhg.com; N/A - Director - n/a@bhg.com; N/A - President - n/a@bhg.com,Des Moines,IA,50309,US,23-09-2018,21-03-2022,28-02-2000,19-06-2022,-,-
billboard.com,billboard.com,$5000,,Billboard,Art And Entertainment,607,905,766,11719,ph:+1-845-267-3007;+1-800-684-1873;+1-212-493-4100;+1-646-654-5000;+1-845-267-3072,tye.comer@billboard.com;gary.trust@billboard.com;alex.vitoulis@billboard.com;joe.maimone@billboard.com;subscriptions@billboard.com;denise.warner@billboard.com;andrew.min@billboard.com;ricki.askin@billboard.com;research@billboard.com;tips@billboard.com,https://twitter.com/billboard,https://facebook.com/billboard,https://linkedin.com/company/billboard,,https://pinterest.com/billboard,,https://instagram.com/billboard,,,,,N/A - Manager - n/a@billboard.com; N/A - President - n/a@billboard.com; N/A - Csuite - n/a@billboard.com,New York City,NY,10173,US,26-03-2013,16-06-2022,09-05-2000,18-06-2022,-,-
bizrate.com,bizrate.com/*;rd.bizrate.com/*,$5000,,Connexity Inc,Technology And Computing,117,299382,8726,2459,ph:+1-310-571-1235,newsletter@bizrate.com;help@bizrate.com,,,,,,,,,,,,N/A - Other - n/a@bizrate.com; N/A - Marketing - n/a@bizrate.com,Los Angeles,CA,90064,US,16-02-2018,19-06-2022,14-10-2000,19-06-2022,-,California CCPA
bodybuilding.com,bodybuilding.com,$5000,,Bodybuilding.com,Shopping,682,7647,2649,18627,ph:+1-208-377-9002;+1-866-236-8417;+1-208-377-9994;+1-208-489-6056;+1-833-649-9634,coppa@bodybuilding.com;support@bodybuilding.com;webmaster@bodybuilding.com;legal@bodybuilding.com;service@bodybuilding.com,https://twitter.com/bodybuildingcom,https://facebook.com/bodybuildingcom,https://linkedin.com/company/bodybuilding-com,,https://pinterest.com/bodybuildingcom,,https://instagram.com/bodybuildingcom,,,https://youtube.com/user/bodybuildingcomvideo,,,,,,US,06-03-2017,03-01-2022,03-01-2007,19-06-2022,-,-
boredpanda.com,boredpanda.com,$1000,,Bored Panda,Technology And Computing,150,475,977,7650,ph:,hello@boredpanda.com,https://twitter.com/boredpanda,https://facebook.com/boredpanda,https://linkedin.com/company/boredpanda,,https://pinterest.com/boredpanda,,https://instagram.com/boredpanda,,,,,N/A - Unknown - n/a@boredpanda.com,Vilnius,,10312,LT,16-09-2018,03-01-2022,12-08-2009,17-06-2022,-,GDPR Lithuania
boston.com,boston.com,$5000,,Boston.com,Law  Govt And Politics,922,2314,506,21625,ph:+1-617-929-7900;+1-877-833-7397;+1-617-929-8350,feedback@boston.com;julie@boston.com;pod@boston.com;jeffrey.pini@boston.com;hanafin@boston.com;beard@boston.com;catherine.cloutier@boston.com;daniel.kline@boston.com;kristi.palma@boston.com;childcaring@boston.com;hive@boston.com;getmoving@boston.com;rraczka@boston.com;kmcleod@boston.com;ssilva@boston.com;bigdig@boston.com;cconaboy@boston.com;raw@boston.com;gdzen@boston.com;stephanie.mangan@boston.com;example@boston.com;kaitlyn.johnston@boston.com;meghan.barr@boston.com;chris.greenberg@boston.com;tips@boston.com;cancel@boston.com;john.waller@boston.com;gary.dzen@boston.com;alison.goldman@boston.com;eileen.woods@boston.com;hayden.bird@boston.com;dialynn.dwyer@boston.com;christopher.gavin@boston.com;n.decosta-klipa@boston.com;kevin.slane@boston.com;nicole.yang@boston.com;erin.kuschner@boston.com;peter.chianca@boston.com;emily.turner@boston.com;rami.abousabe@boston.com,https://twitter.com/bostondotcom,https://facebook.com/boston,,,https://pinterest.com/bostondotcom,,https://instagram.com/boston,,,,,N/A - Director - n/a@boston.com; N/A - Manager - n/a@boston.com; N/A - Other - n/a@boston.com,Boston,MA,2109,US,15-07-2013,21-02-2022,28-02-2000,19-06-2022,-,-
brobible.com,brobible.com,$2000,,BroBible Inc,Sports,4388,304748,12454,55311,ph:+1-424-258-7166;+1-800-952-5210,rsvp@brobible.com;privacy@brobible.com;legal@brobible.com,https://twitter.com/brobible,https://facebook.com/brobible,,,,,https://instagram.com/brobible,,,,,N/A - President - n/a@brobible.com; N/A - Founder - n/a@brobible.com,Culver City,CA,90232,US,15-02-2018,14-06-2022,30-09-2009,15-06-2022,-,California CCPA
businessinsider.com,businessinsider.com,$10000,,Business Insider Inc,Business And Industrial,78,81,83,3637,ph:+1-646-376-6050;+1-415-515-5594;+1-650-942-3061,mobile@businessinsider.com;feedback@businessinsider.com;legal@businessinsider.com;nschwartz@businessinsider.com;zmiller@businessinsider.com;njardine@businessinsider.com;jgoudreau@businessinsider.com;ccampbell@businessinsider.com;mkassel@businessinsider.com;mstone@businessinsider.com;michaelizzo@businessinsider.com;egoldschein@businessinsider.com;ndavis@businessinsider.com;kacuna@businessinsider.com;ehamburger@businessinsider.com;hleonard@businessinsider.com;rborison@businessinsider.com;leadicicco@businessinsider.com;larguello@businessinsider.com;jpompeo@businessinsider.com;aoyedele@businessinsider.com;jnededog@businessinsider.com;owilliamsgrut@businessinsider.com;tips@businessinsider.com;corrections@businessinsider.com;contributor@businessinsider.com;permissions@businessinsider.com;hblodget@businessinsider.com;bizdev@businessinsider.com;subscriptions@businessinsider.com;fixes@businessinsider.com;twolverton@businessinsider.com;covidtips@businessinsider.com;ekim@businessinsider.com,https://twitter.com/businessinsider,https://facebook.com/businessinsider,https://linkedin.com/company/businessinsider,,,,https://instagram.com/businessinsider,,,https://youtube.com/user/businessinsider,,N/A - President - n/a@businessinsider.com; N/A - Csuite - n/a@businessinsider.com,New York City,NY,10006,US,09-09-2014,19-06-2022,10-02-2009,19-06-2022,-,-
campingworld.com,rv.campingworld.com;go.campingworld.com,$5000,$824446,Camping World,Shopping,494,14096,21595,44218,ph:+1-800-242-1227;+1-866-968-7046;+1-800-438-2542;+1-800-234-3450;+1-540-735-1100;+1-844-430-9599;+1-844-648-4750;+1-866-829-8141;+1-616-455-3250;+1-203-682-8200,rrahe@campingworld.com;kporter@campingworld.com;mikesiemens@campingworld.com;msiemens@campingworld.com;mlemonis@campingworld.com;lracine@campingworld.com;dsfolkman@campingworld.com;sfolkman@campingworld.com;maggie.mizwa@campingworld.com;drrahe@campingworld.com;bfulcher@campingworld.com;phunt@campingworld.com;pr-cwgs@campingworld.com;athornton@campingworld.com;cs@campingworld.com;cmitchell@campingworld.com;courtney.sparks@campingworld.com;steve@campingworld.com;dlewis@campingworld.com;drosa@campingworld.com;privacy@campingworld.com,https://twitter.com/campingworld,https://facebook.com/campingworld,,,https://pinterest.com/campingworld,,https://instagram.com/campingworld,,,https://youtube.com/user/campingworldinc,,N/A - Director - n/a@campingworld.com; N/A - Board - n/a@campingworld.com; N/A - Manager - n/a@campingworld.com; N/A - President - n/a@campingworld.com; N/A - Csuite - n/a@campingworld.com,Bowling Green,KY,42104,US,19-09-2021,16-05-2022,29-02-2000,19-06-2022,-,-
cbr.com,cbr.com,$2000,$2367441,CBR,Art And Entertainment,269,6435,5503,21626,ph:+1-514-733-1010;+1-833-979-3525,editorial@cbr.com,,,,,,,,,,,,N/A - Other - n/a@cbr.com,Saint-Laurent Southeast,QC,H4T,CA,09-09-2016,21-03-2022,02-03-2000,17-06-2022,-,-
cbssports.com,cbssports.com,$10000,,CBS Interactive Inc,Sports,271,3114,1446,4029,ph:+1-877-342-4911;+1-212-975-5231;+1-412-642-3215;+1-904-383-3844,businessdevelopment@cbssports.com;horseylover69@cbssports.com;jsabatelle@cbssports.com;chadwick7009@cbssports.com;gswwarriorfan@cbssports.com;rr-steelers@cbssports.com,https://twitter.com/cbssports,https://facebook.com/cbssports,,,https://pinterest.com/cbssports,,https://instagram.com/cbssports,,,https://youtube.com/user/cbssports,,N/A - Director - noemail; N/A - President - noemail,Fort Lauderdale,FL,33309,US,26-01-2016,19-06-2022,17-11-2003,19-06-2022,-,-
celebuzz.com,celebuzz.com,$250,,Celebuzz,Art And Entertainment,1376,300945,8553,204430,ph:+1-323-466-0150;+1-855-977-1665,,https://twitter.com/celebuzz,https://facebook.com/celebuzz,,,,,https://instagram.com/celebuzz,,,,,,Los Angeles,CA,90028,US,16-02-2018,18-06-2022,06-10-2008,18-06-2022,-,California CCPA
chicagotribune.com,chicagotribune.com,$10000,,Chicago Tribune,Sports,402,332,313,15025,ph:+1-312-222-5934;+1-847-755-8913;+1-312-526-3116;+1-773-661-2468;+1-312-595-7437;+1-773-278-6600;+1-815-356-9212;+61-4-46021318;+1-800-251-2714;+1-773-782-0450,chicagomobile@chicagotribune.com;readerhelp@chicagotribune.com;ctc-tribletter@chicagotribune.com;jwoelffer@chicagotribune.com;shaimurphy@chicagotribune.com;mcrepeau@chicagotribune.com;tips@chicagotribune.com;jmeisner@chicagotribune.com;jgorner@chicagotribune.com;hdardick@chicagotribune.com;sports@chicagotribune.com;nmetz@chicagotribune.com;mwisniewski@chicagotribune.com;consumerservices@chicagotribune.com;pdnewsletters@chicagotribune.com;thingstodo@chicagotribune.com;commentary@chicagotribune.com;editor@chicagotribune.com;cwolfram@chicagotribune.com;pkendall@chicagotribune.com;jmccormick@chicagotribune.com;kmcqueary@chicagotribune.com;business@chicagotribune.com;ct-arts@chicagotribune.com;sunday@chicagotribune.com;businessnews@chicagotribune.com;chicagoland@chicagotribune.com,https://twitter.com/chicagotribune,https://facebook.com/chicagotribune,,,https://pinterest.com/chicagotribune,,https://instagram.com/chicagotribune,,,https://youtube.com/user/chicagotribune,,N/A - Other - n/a@chicagotribune.com; N/A - President - n/a@chicagotribune.com,BARRIO PAMPA CHICA,B,6600,AR,10-10-2016,19-06-2022,14-08-2000,19-06-2022,-,-
chron.com,chron.com,$5000,,Houston Chronicle Co,Technology And Computing,1758,1771,537,11121,ph:+1-713-362-7171;+1-713-362-7211;+1-212-649-2020;+1-713-362-3131;+1-877-833-7397;+1-800-728-8391;+1-800-778-7879;+1-916-445-1254;+1-800-952-5210;+1-281-378-1000,readerrep@chron.com;viewpoints@chron.com;permissions@chron.com;help@chron.com;privacy@chron.com;dale.lezon@chron.com;molly.glentzer@chron.com;max.kranl@chron.com;anna.gallegos@chron.com;jeffrey.martin@chron.com;brian.mctaggart@chron.com;hillary.sorin@chron.com;jana.kasperka@chron.com;regina.garciacano@chron.com;mike.morris@chron.com;bernardo.fallas@chron.com;caroline.ward@chron.com;liz.peterson@chron.com;alex.yap@chron.com;sylvia.wood@chron.com;feedback@chron.com,https://twitter.com/chron,https://facebook.com/chroncom,https://linkedin.com/company/houston-chronicle,,https://pinterest.com/houstonchron,,https://instagram.com/houstonchron,,,,,,Houston,TX,77210,US,11-12-2017,19-06-2022,29-02-2000,19-06-2022,-,-
cinemablend.com,cinemablend.com,$2000,,Cinema Blend LLC,Art And Entertainment,1383,8876,3105,21440,ph:,screening@cinemablend.com;josh@cinemablend.com;mack@cinemablend.com;katey@cinemablend.com;mackrawden@cinemablend.com;william@cinemablend.com;eric@cinemablend.com;matt@cinemablend.com,https://twitter.com/cinemablend,https://facebook.com/cinemablendcom,,,https://pinterest.com/cinemablend,,https://instagram.com/cinemablend,,,https://youtube.com/user/cinemablendhd,,N/A - Marketing - n/a@cinemablend.com; N/A - Sales - n/a@cinemablend.com; N/A - Director - n/a@cinemablend.com; N/A - Manager - n/a@cinemablend.com; N/A - President - n/a@cinemablend.com; N/A - Csuite - n/a@cinemablend.com; N/A - Founder - n/a@cinemablend.com,St. Louis,MO,63105,US,20-03-2016,14-06-2022,16-10-2004,18-06-2022,-,-
clickfunnels.com,clickfunnels.com,$10000,$3593357,clickfunnels,Business And Industrial,997,1864,2141,7177,ph:+1-760-995-6282;+1-800-778-7879,support@clickfunnels.com;compliance@clickfunnels.com;abuse@clickfunnels.com;affiliates@clickfunnels.com,https://twitter.com/clickfunnels,https://facebook.com/clickfunnels,https://linkedin.com/company/clickfunnels,,,,https://instagram.com/clickfunnelshq,,,,,N/A - Unknown - n/a@clickfunnels.com,Eagle,ID,83616,US,05-05-2017,13-06-2022,19-12-2013,19-06-2022,-,California CCPA
clutchpoints.com,clutchpoints.com,$1000,,ClutchPoints,Sports,439,13657,17528,22159,ph:,,https://twitter.com/clutchpointsapp,https://facebook.com/clutchpoints,https://linkedin.com/company/clutchpoints,,,,https://instagram.com/clutchpoints,,,,https://tiktok.com/@clutchpoints,N/A - Director - noemail,Los Angeles,CA,90095,US,14-08-2017,08-06-2022,10-11-2015,17-06-2022,-,California CCPA
cnbc.com,cnbc.com,$5000,,cnbc Inc,Art And Entertainment,27,114,120,2869,ph:+1-916-445-1254;+1-800-952-5210;+1-877-280-4548,customercare@support.cnbc.com;customercare@cnbc.com,https://twitter.com/cnbci,https://facebook.com/cnbcmakeit,,,,,,,,https://youtube.com/user/cnbcinternational,,N/A - Bizdev - n/a@cnbc.com; N/A - Other - n/a@cnbc.com; N/A - Director - n/a@cnbc.com; N/A - President - n/a@cnbc.com; N/A - Csuite - n/a@cnbc.com,Englewood Cliffs,NJ,7632,US,04-03-2015,19-06-2022,17-01-2001,19-06-2022,-,California CCPA
consumercellular.com,consumercellular.com,$5000,,Consumer Cellular Inc,Technology And Computing,4336,48029,117165,97789,ph:,,https://twitter.com/consumer_cell,https://facebook.com/consumercellular,,,https://pinterest.com/consumercellular,,https://instagram.com/consumer_cellular,,,https://youtube.com/user/consumercellular,,N/A - Csuite - noemail,Portland,OR,97223,US,28-02-2018,21-03-2022,10-11-2010,19-06-2022,-,-
cracked.com,cracked.com,$1000,,Demand Media Inc,Art And Entertainment,673,2568,2428,26379,ph:+1-425-298-2780;+1-310-828-6531;+1-800-952-5210;+1-360-474-3324,webeditor@cracked.com;xxxxx@cracked.com,https://twitter.com/cracked,https://facebook.com/cracked,,,https://pinterest.com/cracked,,https://instagram.com/cracked,,,https://youtube.com/user/cracked,,N/A - Other - n/a@cracked.com; N/A - Director - n/a@cracked.com; N/A - Manager - n/a@cracked.com; N/A - Csuite - n/a@cracked.com,Kirkland,WA,98033,US,18-08-2013,03-01-2022,28-11-2001,19-06-2022,-,-
creditsesame.com,creditsesame.com,$2000,,Credit Sesame Inc,Finance,1144,21871,35848,32981,ph:,partnerships@creditsesame.com;help@creditsesame.com;info@creditsesame.com;privacy@creditsesame.com;security@creditsesame.com;support@creditsesame.com;feedback@creditsesame.com;affiliates@creditsesame.com,https://twitter.com/creditsesame,https://facebook.com/creditsesame,,,,,https://instagram.com/creditsesame,,,https://youtube.com/user/creditsesame,,N/A - Engineering - n/a@creditsesame.com; N/A - Marketing - n/a@creditsesame.com; N/A - Director - n/a@creditsesame.com; N/A - President - n/a@creditsesame.com; N/A - Csuite - n/a@creditsesame.com; N/A - Founder - n/a@creditsesame.com; N/A - Other - n/a@creditsesame.com,Mountain View,CA,94041,US,23-05-2016,17-05-2022,06-02-2010,18-06-2022,-,California CCPA
kiwireport.com,kiwireport.com,$500,,KiwiReport,Business And Industrial,567,398972,333810,Outside Top 1m,ph:,info@kiwireport.com,https://twitter.com/kiwireportfeed,https://facebook.com/followkiwireport,,,,,,,,,,,,,,,27-12-2016,16-05-2022,02-03-2001,14-06-2022,-,-
nbcsports.com,nbcsports.com,$10000,,NBC Sports,Sports,170,2367,1712,5924,ph:+1-916-445-1254;+1-800-952-5210;+1-904-407-8923;+1-877-675-6323,support@nbcsports.com,https://twitter.com/nbcsports,https://facebook.com/nbcsports,,,,,https://instagram.com/nbcsports,,,,,N/A - Designer - n/a@nbcsports.com; N/A - Bizdev - n/a@nbcsports.com; N/A - Director - n/a@nbcsports.com,Stamford,CT,6901,US,17-05-2018,19-06-2022,30-09-2007,19-06-2022,-,California CCPA
ndtv.com,ndtv.com,$2000,,NDTV,Technology And Computing,1054,2722,804,4068,ph:,feedback@ndtv.com,https://twitter.com/ndtvfood,https://facebook.com/ndtvfood,,,https://pinterest.com/ndtvgoodtimes,,https://instagram.com/swirlster_official,,,https://youtube.com/user/ndtvprime,,N/A - Support - noemail; N/A - Other - noemail; N/A - Director - noemail; N/A - President - noemail; N/A - Founder - noemail,New Delhi,DL,,IN,23-07-2014,19-06-2022,05-01-2009,19-06-2022,-,-
newarena.com,newarena.com,$250,,New Arena,Sports,74,747526,534757,63318,ph:,admin@newarena.com,https://twitter.com/thenewarena,https://facebook.com/thenewarena,,,,,,,,,,N/A - Consultant - noemail; N/A - Manager - noemail; N/A - Founder - noemail,Calabasas,CA,91302,US,26-09-2016,14-06-2022,20-06-2015,14-06-2022,-,California CCPA
news.com.au,news.com.au,$10000,,NEWS PTY Limited,Business And Industrial,2145,449,476,8641,ph:+61-28-1148600;+61-4-19760793;+61-29-2883000;+61-300-696397,privacy@news.com.au,https://twitter.com/newscomauhq,https://facebook.com/news.com.au,,,,,https://instagram.com/newscomauhq,,,https://youtube.com/user/foxsportsau,,N/A - Support - n/a@news.com.au; N/A - Engineering - n/a@news.com.au; N/A - Director - n/a@news.com.au; N/A - Board - n/a@news.com.au; N/A - Manager - n/a@news.com.au,Sydney Domestic Airport,NSW,2020,AU,12-06-2019,17-06-2022,17-10-2000,18-06-2022,-,-
nj.com,nj.com,$10000,,New Jersey On Line LLC,Technology And Computing,823,6301,985,30706,ph:+1-201-468-5101;+1-856-384-8729;+1-609-989-5739;+1-908-782-6572;+1-800-300-9321,digitalservice@nj.com,https://twitter.com/njdotcom,https://facebook.com/nj.com,https://linkedin.com/company/nj.com,,https://pinterest.com/njdotcom,,https://instagram.com/njdotcom,,,,,N/A - Founder - n/a@nj.com,Iselin,NJ,,US,20-03-2016,18-06-2022,28-02-2000,18-06-2022,-,-
nola.com,nola.com,$10000,,NOLA Media Group,Sports,1749,493,1692,75265,ph:+1-504-826-3551;+1-800-933-9771;+1-504-826-3000;+1-800-925-0000;+1-800-778-7879;+1-504-636-7400;+1-866-698-0200;+1-504-529-0522,rrosetta@nola.com;jwalker@nola.com;cbrasted@nola.com;lmcgaughy@nola.com;ttroncale@nola.com;kmorris@nola.com;bmyers@nola.com;dgladow@nola.com;tharris@nola.com;drogers@nola.com;jboudwin@nola.com;jevans@nola.com;kbachman@nola.com;sstrachan@nola.com;socialscene@nola.com;hnolan@nola.com;gscheet@nola.com;amorale@nola.com;jroach@nola.com;jsmith@nola.com;kchatelain@nola.com;andrew_lopez@nola.com;dmaccash@nola.com;joshua_katzenstein@nola.com,https://twitter.com/nolanews,https://facebook.com/nolanews,https://linkedin.com/company/nola.com,,https://pinterest.com/findnsave,,https://instagram.com/nolanews,,,https://youtube.com/user/noladotcom,,N/A - Other - n/a@nola.com; N/A - Sales - n/a@nola.com; N/A - President - n/a@nola.com,New Orleans,LA,70130,US,20-03-2016,05-06-2022,25-02-2000,18-06-2022,-,-
omaha.com,omaha.com,$5000,$2767666,Omaha World-Herald,Sports,2248,9199,3237,64394,ph:+1-402-346-3363;+1-800-234-6942;+1-402-444-1061;+1-800-952-2920;+1-402-444-1544;+1-804-819-7498;+1-402-444-3130;+1-804-644-4181;+1-800-468-3382;+1-402-592-2200,webmaster@omaha.com;postmail-us.4481@omaha.com;mbassett@omaha.com;jasong@omaha.com;samira.fulton@omaha.com;sbunjer@omaha.com;nospamjcollicott@omaha.com;autoshow@omaha.com;postmail-item.32056@omaha.com;bolson.uba@omaha.com,https://twitter.com/omahabridalmag,https://facebook.com/momahacom,,,https://pinterest.com/omahabridalmag,,https://instagram.com/omahaworldherald,,,,,N/A - Consultant - n/a@omaha.com; N/A - Other - n/a@omaha.com; N/A - Director - n/a@omaha.com; N/A - Board - n/a@omaha.com; N/A - Manager - n/a@omaha.com; N/A - President - n/a@omaha.com; N/A - Csuite - n/a@omaha.com,Council Bluffs,IA,51503,US,20-12-2018,16-06-2022,08-11-2000,19-06-2022,-,-
orbitz.com,orbitz.com,$5000,,Orbitz LLC,Travel,705,10782,6789,14037,ph:+1-415-520-3420;+1-312-416-0018;+1-702-486-7371;+1-404-728-8787;+1-800-397-3342;+1-844-846-1612,privacy@orbitz.com;copyright@orbitz.com,https://twitter.com/orbitz,https://facebook.com/orbitz,https://linkedin.com/company/orbitz-worldwide,,https://pinterest.com/orbitz,,https://instagram.com/orbitz,,,https://youtube.com/user/orbitztravel,,N/A - Unknown - n/a@orbitz.com; N/A - Csuite - n/a@orbitz.com,Chicago,IL,60661,US,09-11-2016,28-01-2022,30-09-2005,19-06-2022,-,California CCPA
oregonlive.com,oregonlive.com,$10000,,Oregon Live LLC,Business And Industrial,1386,752,1036,5598,ph:+1-212-743-6590;+1-503-221-8240;+1-800-778-7879;+1-503-294-4026;+1-503-782-5730;+1-503-221-8227;+1-503-294-4072;+1-503-294-5914;+1-503-294-7606,comments@oregonlive.com,https://twitter.com/oregonian,https://facebook.com/findnsave,https://linkedin.com/company/the-oregonian,,https://pinterest.com/findnsave,,https://instagram.com/theoregonian,,,https://youtube.com/user/oregoniannews,,N/A - Account - n/a@oregonlive.com; N/A - Director - n/a@oregonlive.com; N/A - Manager - n/a@oregonlive.com; N/A - President - n/a@oregonlive.com,New York City,NY,10007,US,20-03-2016,19-06-2022,28-02-2000,19-06-2022,-,-
orlandosentinel.com,orlandosentinel.com,$10000,,Orlando Sentinel,Technology And Computing,2337,8250,1529,54090,ph:+1-407-420-5471;+1-407-270-0599;+1-866-734-5982;+1-407-420-5000;+1-866-622-7721;+1-844-681-6006;+1-800-669-5757,kpoggio@orlandosentinel.com;dharris@orlandosentinel.com;ecooper@orlandosentinel.com;dlombardo@orlandosentinel.com;rsimmons@orlandosentinel.com;caarmstrong@orlandosentinel.com;lcianci@orlandosentinel.com;jcutter@orlandosentinel.com;ilimon@orlandosentinel.com;mskoneki@orlandosentinel.com;tstewart@orlandosentinel.com;mlafferty@orlandosentinel.com;limon@orlandosentinel.com;dkarabag@orlandosentinel.com;customerservice@orlandosentinel.com;insight@orlandosentinel.com;pdnewsletters@orlandosentinel.com;classified@orlandosentinel.com;corrections@orlandosentinel.com;krice@orlandosentinel.com;classified_ad@orlandosentinel.com;classified_legal@orlandosentinel.com,https://twitter.com/orlandosentinel,https://facebook.com/orlandosentinel,,,,,https://instagram.com/orlandosentinel,,,,,N/A - Marketing - n/a@orlandosentinel.com; N/A - Director - n/a@orlandosentinel.com; N/A - President - n/a@orlandosentinel.com,Arlington Heights,IL,60005,US,27-06-2016,19-06-2022,08-10-2000,19-06-2022,-,-
tasteofhome.com,tasteofhome.com,$5000,,Taste of Home,Food And Drink,791,300875,3721,12248,ph:+1-414-423-0100;+1-800-344-6913;+1-877-495-4185;+1-800-880-3012;+1-914-831-1279,customercare@tasteofhome.com;customerservice@shoptasteofhome.com;editors@tasteofhome.com;privacy@tasteofhome.com;comfortfooddiet@tasteofhome.com;simple@tasteofhome.com;termsandconditions@tasteofhome.com;dearjane@tasteofhome.com;healthyrecipes@tasteofhome.com;recipes@tasteofhome.com;askthetk@tasteofhome.com;digitalsupport@tasteofhome.com;fieldeditors@tasteofhome.com,https://twitter.com/tasteofhome,https://facebook.com/tasteofhome,,,https://pinterest.com/taste_of_home,,https://instagram.com/tasteofhome,,,https://youtube.com/user/tasteofhome,,,Harlan,IA,51593,US,27-06-2016,18-06-2022,01-03-2000,18-06-2022,-,-
techcrunch.com,techcrunch.com,$5000,,TechCrunch,Technology And Computing,798,75,125,7333,ph:+1-800-605-3561;+1-646-755-8849;+1-650-323-1910,advertise@techcrunch.com;webmaster@techcrunch.com;events@techcrunch.com,https://twitter.com/techcrunch,https://facebook.com/techcrunch,https://linkedin.com/company/techcrunch,,https://pinterest.com/techcrunch,,https://instagram.com/techcrunch,,,https://youtube.com/user/techcrunch,,N/A - Other - n/a@techcrunch.com; N/A - Sales - n/a@techcrunch.com; N/A - Director - n/a@techcrunch.com; N/A - Manager - n/a@techcrunch.com; N/A - President - n/a@techcrunch.com; N/A - Csuite - n/a@techcrunch.com; N/A - Founder - n/a@techcrunch.com,San Francisco,CA,94107,US,20-03-2016,08-06-2022,13-06-2005,19-06-2022,-,California CCPA
techradar.com,techradar.com,$2000,,TechRadar,Technology And Computing,2628,233,593,7334,ph:+44-30-01232220,news@techradar.com;team@techradar.com,,https://facebook.com/techradar,,,,,,,,https://youtube.com/user/techradar,,N/A - Bizdev - noemail; N/A - Unknown - noemail; N/A - Director - noemail; N/A - Founder - noemail,New York City,NY,10005,US,16-07-2014,19-06-2022,10-01-2008,19-06-2022,-,-
tennessean.com,tennessean.com,$5000,,Local Inc,Business And Industrial,1968,5081,2242,132225,ph:+1-615-259-8300;+1-800-952-5210;+1-800-342-8237;+1-800-778-7879,sbarchenger@tennessean.com;customer@tennessean.com;mdevarenne@tennessean.com;jhensley@tennessean.com;dammenheus@tennessean.com;dgang@tennessean.com;bgoad@tennessean.com;dplazas@tennessean.com;mprouse@tennessean.com;mragland@tennessean.com;aallison@tennessean.com;nallison@tennessean.com;nalund@tennessean.com;mbalakit@tennessean.com;jbliss@tennessean.com;dboucher@tennessean.com;jbuie@tennessean.com;jgarrison@tennessean.com;jagonzales@tennessean.com;dhughes@tennessean.com;ahumbles@tennessean.com;yjeong@tennessean.com;brett.kelman@tennessean.com;hmeyer@tennessean.com;mreicher@tennessean.com;atamburin@tennessean.com;jtodd1@tennessean.com;awadhwani@tennessean.com;erwest@tennessean.com;lalfs@tennessean.com;smazza@tennessean.com;jmcgee@tennessean.com;nrau@tennessean.com;mscheap@tennessean.com;dnpaulson@tennessean.com;brad@tennessean.com;jthanki@tennessean.com;ciwatts@tennessean.com;tkreager@tennessean.com;mfmurphy@tennessean.com;morgan@tennessean.com;asparks@tennessean.com;avingan@tennessean.com;eatkins@tennessean.com;smays@tennessean.com;lmccormack@tennessean.com;anelles@tennessean.com;rarogers@tennessean.com;gwalker@tennessean.com;jbuitrago@tennessean.com;jcardenas@tennessean.com;selliott@tennessean.com;jdgarcia@tennessean.com;kgrigsby@tennessean.com;btminges@tennessean.com;kprocter@tennessean.com;mschwab@tennessean.com;kstarling@tennessean.com;memery@tennessean.com;hfritz@tennessean.com;awigdor@tennessean.com;manastasi@tennessean.com;mhoerr@tennessean.com;gestes@tennessean.com;jwharmon@tennessean.com,https://twitter.com/tennessean,https://facebook.com/tennessean,,,https://pinterest.com/thetennessean,,https://instagram.com/tennesseannews,,,,,N/A - Director - n/a@tennessean.com; N/A - Board - n/a@tennessean.com; N/A - President - n/a@tennessean.com; N/A - Csuite - n/a@tennessean.com,Nashville,TN,37203,US,05-06-2011,19-06-2022,03-01-2011,19-06-2022,-,-
theadvocate.com,theadvocate.com,$5000,,Capital City Press LLC,Education,544,299959,3849,119986,ph:+1-225-383-0111;+1-504-636-7400;+1-504-636-7408;+1-866-698-0200;+1-800-960-6397;+1-225-281-8428;+1-504-559-3899;+1-614-570-3442;+1-504-469-6165;+1-225-383-1111,ecouvillion@theadvocate.com;clussier@theadvocate.com;smickles@theadvocate.com;msigur@theadvocate.com;romiller@theadvocate.com;avanacore@theadvocate.com;rthompson@theadvocate.com;cfutch@theadvocate.com;lrose@theadvocate.com;agallo@theadvocate.com;shardy@theadvocate.com;hkinchen@theadvocate.com;sward@theadvocate.com;rwalker@theadvocate.com;pgannon@theadvocate.com;kmcquarn@theadvocate.com;jbergeron@theadvocate.com;florida@theadvocate.com;bcolvin@theadvocate.com;qhillyer@theadvocate.com;subscriberservices@theadvocate.com;pkovacs@theadvocate.com;fkalmbach@theadvocate.com;jbrown@theadvocate.com;newstips@theadvocate.com;kwhitfield@theadvocate.com;rdellenger@theadvocate.com;srabalais@theadvocate.com;tbridges@theadvocate.com;kataylor@theadvocate.com;froberts@theadvocate.com;nunderhill@theadvocate.com;gmorris@theadvocate.com;cgrueskin@theadvocate.com;bstole@theadvocate.com;akwhitfield@theadvocate.com,https://twitter.com/theadvocatebr,https://facebook.com/theadvocatebr,,,,,https://instagram.com/theadvocatebr,,,,,N/A - Other - n/a@theadvocate.com; N/A - Marketing - n/a@theadvocate.com; N/A - Sales - n/a@theadvocate.com; N/A - Director - n/a@theadvocate.com; N/A - Manager - n/a@theadvocate.com,Baton Rouge,LA,70817,US,21-05-2014,14-06-2022,02-01-2005,17-06-2022,-,-
thefreedictionary.com,thefreedictionary.com,$500,,Farlex Inc,Business And Industrial,577,2035,678,6333,ph:,deanjdibeatty@thefreedictionary.com,,,,,,,,,,,,N/A - Unknown - noemail,Feasterville Trevose,PA,19053,US,16-02-2018,03-01-2022,21-10-2003,19-06-2022,-,-
thekrazycouponlady.com,thekrazycouponlady.com,$2000,,Krazy Coupon Lady LLC,Shopping,54,13631,28255,33694,ph:,inquiries@thekrazycouponlady.com;press@thekrazycouponlady.com,https://twitter.com/krazycouponlady,https://facebook.com/thekrazycouponlady,,,https://pinterest.com/krazycouponlady,,https://instagram.com/thekrazycouponlady,,,https://youtube.com/user/thekrazycouponlady,,N/A - Founder - noemail,,,,,03-01-2022,21-03-2022,19-12-2009,15-06-2022,-,-
thepennyhoarder.com,thepennyhoarder.com,$2000,,The Penny Hoarder,Finance,2126,301226,14472,26327,ph:,askkyle@thepennyhoarder.com;media@thepennyhoarder.com;advertise@thepennyhoarder.com;editor@thepennyhoarder.com;press@thepennyhoarder.com;feedback@thepennyhoarder.com;support@thepennyhoarder.com,https://twitter.com/thepennyhoarder,https://facebook.com/thepennyhoarder,https://linkedin.com/company/thepennyhoarder,,https://pinterest.com/thepennyhoarder,,https://instagram.com/thepennyhoarder,,,,,N/A - President - noemail; N/A - Founder - noemail; N/A - Other - noemail,Pompano Beach,FL,33062,US,21-05-2014,14-06-2022,15-12-2010,18-06-2022,-,-
theringer.com,theringer.com,$500,,The Ringer,Art And Entertainment,2052,6623,4917,22008,ph:+1-916-445-1254;+1-800-952-5210,editors@theringer.com;legal@theringer.com,https://twitter.com/ringer,https://facebook.com/ringer,,,,,,,,,,,Los Angeles,CA,90028,US,29-12-2018,16-05-2022,23-11-2005,18-06-2022,-,California CCPA
theroot.com,theroot.com,$1000,,Univision Communications Inc,Law  Govt And Politics,2180,9849,3983,28056,ph:+1-646-495-4018;+1-202-223-0671;+1-212-455-5200;+1-310-348-3679,custhelp-root@theroot.com;readerfeedback@theroot.com;submissions@theroot.com;press@theroot.com;danielle.belton@theroot.com;genetta.adams@theroot.com;yesha.callahan@theroot.com;breanna.edwards@theroot.com;dyoung@theroot.com,https://twitter.com/theroot,https://facebook.com/theroot,,,https://pinterest.com/theroot,,,,,,,,Washington,DC,20036,US,16-12-2015,19-06-2022,27-03-2004,19-06-2022,-,-
theverge.com,theverge.com,$5000,,The Verge,Technology And Computing,59,312,160,6766,ph:+1-202-591-1140;+1-800-549-1744;+1-800-952-5210;+1-800-862-2877,nilay@theverge.com;joshua@theverge.com;james.chae@theverge.com;ontheverge@theverge.com;rsvp@theverge.com;david@theverge.com;paul@theverge.com;charlesiii@theverge.com;dieter@theverge.com;tom@theverge.com;dan.seifert@theverge.com;pine.lnx.4.10.9910261337380.7863-100000@theverge.com;pine.lnx.4.04.9910290910200.16607-100000@theverge.com;sean@theverge.com;laura@theverge.com;aaron@theverge.com;chris@theverge.com;bryan@theverge.com;casey@theverge.com;tc@theverge.com;zoe@theverge.com,https://twitter.com/verge,https://facebook.com/verge,,,https://pinterest.com/theverge,,https://instagram.com/verge,,,https://youtube.com/user/theverge,,N/A - Bizdev - n/a@theverge.com; N/A - Software - n/a@theverge.com; N/A - Marketing - n/a@theverge.com; N/A - Director - n/a@theverge.com; N/A - Manager - n/a@theverge.com; N/A - President - n/a@theverge.com; N/A - Csuite - n/a@theverge.com; N/A - Founder - n/a@theverge.com,Washington,DC,20036,US,20-12-2018,03-01-2022,11-09-2011,19-06-2022,-,-
thinkprogress.org,thinkprogress.org,$500,,Thinkprogress.org Inc,Technology And Computing,5919,712,1669,Outside Top 1m,ph:,borahderatecrowe@thinkprogress.org;carolinaheadwallcody@thinkprogress.org;faiz@thinkprogress.org;deborahderatecrowe@thinkprogress.org;annettebullyboygorman@thinkprogress.org;rosariovetlackey@thinkprogress.org;arronxiwhitney@thinkprogress.org;cleanstart@thinkprogress.org;tips@thinkprogress.org;harleynoteworthyskinner@thinkprogress.org;rileygeneticayers@thinkprogress.org;eylee@thinkprogress.org;jisrael@thinkprogress.org;avarkiani@thinkprogress.org;general@thinkprogress.org;membership@thinkprogress.org,https://twitter.com/thinkprogress,https://facebook.com/thinkprogress,,,,,https://instagram.com/thinkprogress,,,,,N/A - Director - n/a@thinkprogress.org; N/A - Manager - n/a@thinkprogress.org,Washington,DC,20005,US,30-05-2013,06-06-2022,30-09-2005,15-06-2022,-,-
tiebreaker.com,tiebreaker.com,$50,,Novelty Magazines Ltd,Sports,543,441805,418255,87839,ph:,contact@tiebreaker.com,https://twitter.com/tiebreakermedia,https://facebook.com/tiebreakermedia,,,https://pinterest.com/tiebreakermedia,,https://instagram.com/tiebreakermedia,,,,,,La Jolla,CA,92037,US,29-11-2017,16-05-2022,02-01-2007,14-06-2022,-,California CCPA
today.com,today.com,$10000,,TODAY.com,Technology And Computing,582,796,554,12323,ph:+1-212-664-4602;+1-916-445-1254;+1-800-952-5210,,https://twitter.com/today,https://facebook.com/today,,,https://pinterest.com/todayshow,,https://instagram.com/todayshow,,,,,N/A - Unknown - noemail; N/A - President - noemail,New York City,NY,10112,US,14-07-2016,21-03-2022,17-10-2000,18-06-2022,-,-
tomsguide.com,tomsguide.com,$5000,,Tom's Guide,Technology And Computing,2657,5631,2113,12721,ph:+1-212-703-5800,mspoonauer@tomsguide.com;apiltch@tomsguide.com;aattkisson@tomsguide.com;scaptain@tomsguide.com;mprospero@tomsguide.com;pwagenseil@tomsguide.com;pmichaels@tomsguide.com,https://twitter.com/tomsguide,https://facebook.com/tomsguide,,,https://pinterest.com/tomsguidepurch,,https://instagram.com/tomsguide,,,,,N/A - Unknown - noemail,New York City,NY,10011,US,25-07-2017,19-06-2022,04-10-2007,19-06-2022,-,-
tomshardware.com,tomshardware.com,$5000,,Tom's Hardware,Technology And Computing,719,2818,1492,14440,ph:+1-310-558-9847;+1-866-648-2140,,https://twitter.com/tomshardware,https://facebook.com/tomshardware,,,,,https://instagram.com/tomshardware,,,https://youtube.com/user/tomshardware,,N/A - Engineering - n/a@tomshardware.com; N/A - Other - n/a@tomshardware.com; N/A - Director - n/a@tomshardware.com; N/A - Board - n/a@tomshardware.com; N/A - Manager - n/a@tomshardware.com; N/A - President - n/a@tomshardware.com; N/A - Csuite - n/a@tomshardware.com; N/A - Founder - n/a@tomshardware.com,New York City,NY,10036,US,31-10-2017,18-06-2022,03-01-2011,18-06-2022,-,California CCPA
trend-chaser.com,trend-chaser.com,$1000,,Trend Chaser,Art And Entertainment,342,590829,413492,77226,ph:,contact@trend-chaser.com;sales@trend-chaser.com;legal@trend-chaser.com,https://twitter.com/trendchasernews,https://facebook.com/trend-chaser-1762100804003272,,,https://pinterest.com/trendchaser0286,,https://instagram.com/trendchaserpage,,,,,,Encinitas,CA,92024,US,02-12-2015,03-01-2022,10-11-2015,18-06-2022,-,California CCPA
